<?xml version="1.0" encoding="UTF-8" standalone="yes"?>
<deployment-descriptor xsi:schemaLocation="http://www.jboss.org/jbpm deployment-descriptor.xsd" xmlns:xsi="http://www.w3.org/2001/XMLSchema-instance">
    <persistence-unit>org.jbpm.domain</persistence-unit>
    <audit-persistence-unit>org.jbpm.domain</audit-persistence-unit>
    <audit-mode>JPA</audit-mode>
    <persistence-mode>JPA</persistence-mode>
    <runtime-strategy>PER_CASE</runtime-strategy>
    <marshalling-strategies>
        <marshalling-strategy>
            <resolver>mvel</resolver>
            <identifier>org.jbpm.casemgmt.impl.marshalling.CaseMarshallerFactory.builder(classLoader).withDoc().withJpa("com.myspace:credit-card-dispute").get();</identifier>
            <parameters/>
        </marshalling-strategy>
        <marshalling-strategy>
            <resolver>mvel</resolver>
            <identifier>new org.jbpm.document.marshalling.DocumentMarshallingStrategy();</identifier>
            <parameters/>
        </marshalling-strategy>
    </marshalling-strategies>
    <event-listeners/>
    <task-event-listeners/>
    <globals/>
    <work-item-handlers>
        <work-item-handler>
            <resolver>mvel</resolver>
            <identifier>new org.jbpm.casemgmt.impl.wih.StartCaseWorkItemHandler(ksession);</identifier>
            <parameters/>
            <name>StartCaseInstance</name>
        </work-item-handler>
    </work-item-handlers>
    <environment-entries/>
    <configurations/>
    <required-roles/>
    <remoteable-classes/>
    <limit-serialization-classes>true</limit-serialization-classes>
</deployment-descriptor>
